PrÃ©nom;Nom;Identifiant;Email;Société
Adrian;Schultz;Adrian.Schultz;Adrian.Schultz@pharmgreen.org;Pharmgreen
Ahmed;Khalid;Ahmed.Khalid;Ahmed.Khalid@pharmgreen.org;Pharmgreen
Aisha;Abdullah;Aisha.Abdullah;Aisha.Abdullah@pharmgreen.org;Pharmgreen
Alejandro;Gomez;Alejandro.Gomez;Alejandro.Gomez@pharmgreen.org;Pharmgreen
Alexandre;Chevalier;Alexandre.Chevalier;Alexandre.Chevalier@pharmgreen.org;Pharmgreen
Alexandre;Roux;Alexandre.Roux;Alexandre.Roux@pharmgreen.org;Pharmgreen
Alice;Martin;Alice.Martin;Alice.Martin@pharmgreen.org;Pharmgreen
Alice;Moreau;Alice.Moreau;Alice.Moreau@pharmgreen.org;Pharmgreen
Alice;Perrin;Alice.Perrin;Alice.Perrin@pharmgreen.org;Pharmgreen
Amaury;Meyer;Amaury.Meyer;Amaury.Meyer@pharmgreen.org;Pharmgreen
Amelia;Smith;Amelia.Smith;Amelia.Smith@pharmgreen.org;Pharmgreen
Anais;Fontaine;Anais.Fontaine;Anais.Fontaine@pharmgreen.org;Pharmgreen
Andrea;Marton;Andrea.Marton;Andrea.Marton@pharmgreen.org;Pharmgreen
Antoine;Lambert;Antoine.Lambert;Antoine.Lambert@pharmgreen.org;Pharmgreen
Ariane;Kaine;Ariane.Kaine;Ariane.Kaine@pharmgreen.org;Pharmgreen
Arjun;Singh;Arjun.Singh;Arjun.Singh@pharmgreen.org;Pharmgreen
Aurelie;Petit;Aurelie.Petit;Aurelie.Petit@pharmgreen.org;Pharmgreen
Aya;Patel;Aya.Patel;Aya.Patel@pharmgreen.org;Pharmgreen
Baptiste;Gros;Baptiste.Gros;Baptiste.Gros@pharmgreen.org;Pharmgreen
Beatrice;Bonnet;Beatrice.Bonnet;Beatrice.Bonnet@pharmgreen.org;Pharmgreen
Brigitte;Lucas;Brigitte.Lucas;Brigitte.Lucas@pharmgreen.org;Pharmgreen
Camille;Fournier;Camille.Fournier;Camille.Fournier@pharmgreen.org;Pharmgreen
Carlos;Alvarez;Carlos.Alvarez;Carlos.Alvarez@pharmgreen.org;Pharmgreen
Cedric;Caron;Cedric.Caron;Cedric.Caron@pharmgreen.org;Pharmgreen
Chang;Li;Chang.Li;Chang.Li@pharmgreen.org;Pharmgreen
Charles;Fernandez;Charles.Fernandez;Charles.Fernandez@pharmgreen.org;Pharmgreen
Charlotte;Prevost;Charlotte.Prevost;Charlotte.Prevost@pharmgreen.org;Pharmgreen
Charlotte;Giroux;Charlotte.Giroux;Charlotte.Giroux@pharmgreen.org;Pharmgreen
Chloe;Bernard;Chloe.Bernard;Chloe.Bernard@pharmgreen.org;Pharmgreen
Clara;Dubois;Clara.Dubois;Clara.Dubois@pharmgreen.org;Pharmgreen
Cyril;Francois;Cyril.Francois;Cyril.Francois@pharmgreen.org;Pharmgreen
Danielle;Carpentier;Danielle.Carpentier;Danielle.Carpentier@pharmgreen.org;Pharmgreen
David;Thomas;David.Thomas;David.Thomas@pharmgreen.org;Pharmgreen
Delphine;Boucher;Delphine.Boucher;Delphine.Boucher@pharmgreen.org;Pharmgreen
Dmitri;Orlov;Dmitri.Orlov;Dmitri.Orlov@pharmgreen.org;Pharmgreen
Edouard;Boulanger;Edouard.Boulanger;Edouard.Boulanger@pharmgreen.org;Pharmgreen
Elena;Robert;Elena.Robert;Elena.Robert@pharmgreen.org;Pharmgreen
Elena;Ivanova;Elena.Ivanova;Elena.Ivanova@pharmgreen.org;Pharmgreen
Elise;Francois;Elise.Francois;Elise.Francois@pharmgreen.org;Pharmgreen
Elodie;Boucher;Elodie.Boucher;Elodie.Boucher@pharmgreen.org;Pharmgreen
Emile;Legrand;Emile.Legrand;Emile.Legrand@pharmgreen.org;Pharmgreen
Emma;Dupont;Emma.Dupont;Emma.Dupont@pharmgreen.org;Pharmgreen
Esteban;Lomez;Esteban.Lomez;Esteban.Lomez@pharmgreen.org;Pharmgreen
Estelle;Dubois;Estelle.Dubois;Estelle.Dubois@pharmgreen.org;Pharmgreen
Etienne;Brun;Etienne.Brun;Etienne.Brun@pharmgreen.org;Pharmgreen
Eva;Meyer;Eva.Meyer;Eva.Meyer@pharmgreen.org;Pharmgreen
Fabien;Richard;Fabien.Richard;Fabien.Richard@pharmgreen.org;Pharmgreen
Fanny;Garnier;Fanny.Garnier;Fanny.Garnier@pharmgreen.org;Pharmgreen
Fatima;Zahra;Fatima.Zahra;Fatima.Zahra@pharmgreen.org;Pharmgreen
Felix;Hoffmann;Felix.Hoffmann;Felix.Hoffmann@pharmgreen.org;Pharmgreen
Flore;Leclercq;Flore.Leclercq;Flore.Leclercq@pharmgreen.org;Pharmgreen
Gabriel;Mercier;Gabriel.Mercier;Gabriel.Mercier@pharmgreen.org;Pharmgreen
Gabrielle;Petit;Gabrielle.Petit;Gabrielle.Petit@pharmgreen.org;Pharmgreen
Genevieve;Giraud;Genevieve.Giraud;Genevieve.Giraud@pharmgreen.org;Pharmgreen
Gilles;Faure;Gilles.Faure;Gilles.Faure@pharmgreen.org;Pharmgreen
Giovanni;Moretti;Giovanni.Moretti;Giovanni.Moretti@pharmgreen.org;Pharmgreen
Hassan;Liffite;Hassan.Liffite;Hassan.Liffite@pharmgreen.org;Pharmgreen
Helene;Rousseau;Helene.Rousseau;Helene.Rousseau@pharmgreen.org;Pharmgreen
Henri;Joly;Henri.Joly;Henri.Joly@pharmgreen.org;Pharmgreen
Henri;Lambert;Henri.Lambert;Henri.Lambert@pharmgreen.org;Pharmgreen
Hiroto;Takahashi;Hiroto.Takahashi;Hiroto.Takahashi@pharmgreen.org;Pharmgreen
Hortense;Morvan;Hortense.Morvan;Hortense.Morvan@pharmgreen.org;Pharmgreen
Hugo;Durand;Hugo.Durand;Hugo.Durand@pharmgreen.org;Pharmgreen
Hugo;Leroy;Hugo.Leroy;Hugo.Leroy@pharmgreen.org;Pharmgreen
Ibrahim;Lebn;Ibrahim.Lebn;Ibrahim.Lebn@pharmgreen.org;Pharmgreen
Igor;Lapierre;Igor.Lapierre;Igor.Lapierre@pharmgreen.org;Pharmgreen
Ines;Rex;Ines.Rex;Ines.Rex@pharmgreen.org;Pharmgreen
Irene;Lemoine;Irene.Lemoine;Irene.Lemoine@pharmgreen.org;Pharmgreen
Isabella;DaSilva;Isabella.DaSilva;Isabella.DaSilva@pharmgreen.org;Pharmgreen
JeanPascal;Millith;JeanPascal.Millith;JeanPascal.Millith@pharmgreen.org;Pharmgreen
Jeanpierre;Gadere;Jeanpierre.Gadere;Jeanpierre.Gadere@pharmgreen.org;Pharmgreen
Jeremy;Lorrain;Jeremy.Lorrain;Jeremy.Lorrain@pharmgreen.org;Pharmgreen
Jerome;Moreau;Jerome.Moreau;Jerome.Moreau@pharmgreen.org;Pharmgreen
Jerome;Perrot;Jerome.Perrot;Jerome.Perrot@pharmgreen.org;Pharmgreen
Jessy;Lair;Jessy.Lair;Jessy.Lair@pharmgreen.org;Pharmgreen
Jordan;Barbier;Jordan.Barbier;Jordan.Barbier@pharmgreen.org;Pharmgreen
Juan;Hernandez;Juan.Hernandez;Juan.Hernandez@pharmgreen.org;Pharmgreen
Julie;Garcia;Julie.Garcia;Julie.Garcia@pharmgreen.org;Pharmgreen
Julien;Marie;Julien.Marie;Julien.Marie@pharmgreen.org;Pharmgreen
Juliette;Guerin;Juliette.Guerin;Juliette.Guerin@pharmgreen.org;Pharmgreen
Juliette;Bonnet;Juliette.Bonnet;Juliette.Bonnet@pharmgreen.org;Pharmgreen
Justine;Fontaine;Justine.Fontaine;Justine.Fontaine@pharmgreen.org;Pharmgreen
Justine;Gallet;Justine.Gallet;Justine.Gallet@pharmgreen.org;Pharmgreen
Kai;Chen;Kai.Chen;Kai.Chen@pharmgreen.org;Pharmgreen
Karine;Simon;Karine.Simon;Karine.Simon@pharmgreen.org;Pharmgreen
Katya;Ivanov;Katya.Ivanov;Katya.Ivanov@pharmgreen.org;Pharmgreen
Kelly;Arnaud;Kelly.Arnaud;Kelly.Arnaud@pharmgreen.org;Pharmgreen
Kevin;Muller;Kevin.Muller;Kevin.Muller@pharmgreen.org;Pharmgreen
Kylian;Chauvin;Kylian.Chauvin;Kylian.Chauvin@pharmgreen.org;Pharmgreen
Laura;David;Laura.David;Laura.David@pharmgreen.org;Pharmgreen
Laure;Henry;Laure.Henry;Laure.Henry@pharmgreen.org;Pharmgreen
Lea;Michel;Lea.Michel;Lea.Michel@pharmgreen.org;Pharmgreen
Lea;Gagnon;Lea.Gagnon;Lea.Gagnon@pharmgreen.org;Pharmgreen
Leila;DaSilva;Leila.DaSilva;Leila.DaSilva@pharmgreen.org;Pharmgreen
Leon;Muller;Leon.Muller;Leon.Muller@pharmgreen.org;Pharmgreen
Liam;OConnor;Liam.OConnor;Liam.OConnor@pharmgreen.org;Pharmgreen
Libou;Khamin;Libou.Khamin;Libou.Khamin@pharmgreen.org;Pharmgreen
Lionel;Marchand;Lionel.Marchand;Lionel.Marchand@pharmgreen.org;Pharmgreen
Louis;Laurent;Louis.Laurent;Louis.Laurent@pharmgreen.org;Pharmgreen
Louis;Dupont;Louis.Dupont;Louis.Dupont@pharmgreen.org;Pharmgreen
Luca;Rizzo;Luca.Rizzo;Luca.Rizzo@pharmgreen.org;Pharmgreen
Lucas;Martin;Lucas.Martin;Lucas.Martin@pharmgreen.org;Pharmgreen
Luna;Garcia;Luna.Garcia;Luna.Garcia@pharmgreen.org;Pharmgreen
Manon;Vincent;Manon.Vincent;Manon.Vincent@pharmgreen.org;Pharmgreen
Marc;RousselChateau;Marc.RousselChateau;Marc.RousselChateau@pharmgreen.org;Pharmgreen
Marco;Ricci;Marco.Ricci;Marco.Ricci@pharmgreen.org;Pharmgreen
Maria;Garcia;Maria.Garcia;Maria.Garcia@pharmgreen.org;Pharmgreen
Marie;Leroux;Marie.Leroux;Marie.Leroux@pharmgreen.org;Pharmgreen
Mathieu;Morel;Mathieu.Morel;Mathieu.Morel@pharmgreen.org;Pharmgreen
Mathieu;Roux;Mathieu.Roux;Mathieu.Roux@pharmgreen.org;Pharmgreen
Maxime;Petit;Maxime.Petit;Maxime.Petit@pharmgreen.org;Pharmgreen
Melanie;Lefebvre;Melanie.Lefebvre;Melanie.Lefebvre@pharmgreen.org;Pharmgreen
Mia;Heschklaesh;Mia.Heschklaesh;Mia.Heschklaesh@pharmgreen.org;Pharmgreen
Mia;Nguyen;Mia.Nguyen;Mia.Nguyen@pharmgreen.org;Pharmgreen
Mohamed;AlAmin;Mohamed.AlAmin;Mohamed.AlAmin@pharmgreen.org;Pharmgreen
Morgane;Palaiseau;Morgane.Palaiseau;Morgane.Palaiseau@pharmgreen.org;Pharmgreen
Myriam;Aubert;Myriam.Aubert;Myriam.Aubert@pharmgreen.org;Pharmgreen
Natasha;Lereculey;Natasha.Lereculey;Natasha.Lereculey@pharmgreen.org;Pharmgreen
Nathalie;Nicolas;Nathalie.Nicolas;Nathalie.Nicolas@pharmgreen.org;Pharmgreen
Nathan;LeRouxBrochard;Nathan.LeRouxBrochard;Nathan.LeRouxBrochard@pharmgreen.org;Pharmgreen
Nicolas;Bertrand;Nicolas.Bertrand;Nicolas.Bertrand@pharmgreen.org;Pharmgreen
Nina;Kovacevic;Nina.Kovacevic;Nina.Kovacevic@pharmgreen.org;Pharmgreen
Nina;Pichon;Nina.Pichon;Nina.Pichon@pharmgreen.org;Pharmgreen
Noah;Dumas;Noah.Dumas;Noah.Dumas@pharmgreen.org;Pharmgreen
Noemie;Lerocher;Noemie.Lerocher;Noemie.Lerocher@pharmgreen.org;Pharmgreen
Noemie;Pichon;Noemie.Pichon;Noemie.Pichon@pharmgreen.org;Pharmgreen
Nora;AlHassan;Nora.AlHassan;Nora.AlHassan@pharmgreen.org;Pharmgreen
Nordman;Polock;Nordman.Polock;Nordman.Polock@pharmgreen.org;Pharmgreen
Olga;DupondUt;Olga.DupondUt;Olga.DupondUt@pharmgreen.org;Pharmgreen
Oliver;Johnson;Oliver.Johnson;Oliver.Johnson@pharmgreen.org;Pharmgreen
Olivia;Garcia;Olivia.Garcia;Olivia.Garcia@pharmgreen.org;Pharmgreen
Olivier;Marechal;Olivier.Marechal;Olivier.Marechal@pharmgreen.org;Pharmgreen
Ophelie;Poulin;Ophelie.Poulin;Ophelie.Poulin@pharmgreen.org;Pharmgreen
Oscar;Perrin;Oscar.Perrin;Oscar.Perrin@pharmgreen.org;Pharmgreen
Patricia;Morin;Patricia.Morin;Patricia.Morin@pharmgreen.org;Pharmgreen
Paul;Perrin;Paul.Perrin;Paul.Perrin@pharmgreen.org;Pharmgreen
Paul;Lacombe;Paul.Lacombe;Paul.Lacombe@pharmgreen.org;Pharmgreen
Paulette;Huet;Paulette.Huet;Paulette.Huet@pharmgreen.org;Pharmgreen
Pauline;Blanc;Pauline.Blanc;Pauline.Blanc@pharmgreen.org;Pharmgreen
Pierre;David;Pierre.David;Pierre.David@pharmgreen.org;Pharmgreen
Quentin;Blanchard;Quentin.Blanchard;Quentin.Blanchard@pharmgreen.org;Pharmgreen
Raphael;Lefebvre;Raphael.Lefebvre;Raphael.Lefebvre@pharmgreen.org;Pharmgreen
Rayan;Fontaine;Rayan.Fontaine;Rayan.Fontaine@pharmgreen.org;Pharmgreen
Remi;Deschamps;Remi.Deschamps;Remi.Deschamps@pharmgreen.org;Pharmgreen
Romain;Mathieu;Romain.Mathieu;Romain.Mathieu@pharmgreen.org;Pharmgreen
Romain;Gauthier;Romain.Gauthier;Romain.Gauthier@pharmgreen.org;Pharmgreen
Rosalie;Roux;Rosalie.Roux;Rosalie.Roux@pharmgreen.org;Pharmgreen
Sara;Lebrun;Sara.Lebrun;Sara.Lebrun@pharmgreen.org;Pharmgreen
Sarah;Durand;Sarah.Durand;Sarah.Durand@pharmgreen.org;Pharmgreen
Soffia;Itsch;Soffia.Itsch;Soffia.Itsch@pharmgreen.org;Pharmgreen
Sofia;Rodriguez;Sofia.Rodriguez;Sofia.Rodriguez@pharmgreen.org;Pharmgreen
Sophie;Clement;Sophie.Clement;Sophie.Clement@pharmgreen.org;Pharmgreen
Sylvie;Charpentier;Sylvie.Charpentier;Sylvie.Charpentier@pharmgreen.org;Pharmgreen
Theo;Laurent;Theo.Laurent;Theo.Laurent@pharmgreen.org;Pharmgreen
Thomas;Girard;Thomas.Girard;Thomas.Girard@pharmgreen.org;Pharmgreen
Thomas;Gauthier;Thomas.Gauthier;Thomas.Gauthier@pharmgreen.org;Pharmgreen
Timothee;Guillot;Timothee.Guillot;Timothee.Guillot@pharmgreen.org;Pharmgreen
Tina;LeHecourt;Tina.LeHecourt;Tina.LeHecourt@pharmgreen.org;Pharmgreen
Tristan;Marie;Tristan.Marie;Tristan.Marie@pharmgreen.org;Pharmgreen
Ugo;Dumont;Ugo.Dumont;Ugo.Dumont@pharmgreen.org;Pharmgreen
Ulrich;DaSilva;Ulrich.DaSilva;Ulrich.DaSilva@pharmgreen.org;Pharmgreen
Uriel;Hubert;Uriel.Hubert;Uriel.Hubert@pharmgreen.org;Pharmgreen
Valentina;Ferrari;Valentina.Ferrari;Valentina.Ferrari@pharmgreen.org;Pharmgreen
Valerie;Houddin;Valerie.Houddin;Valerie.Houddin@pharmgreen.org;Pharmgreen
Vanessa;Boyer;Vanessa.Boyer;Vanessa.Boyer@pharmgreen.org;Pharmgreen
Veronique;Lopez;Veronique.Lopez;Veronique.Lopez@pharmgreen.org;Pharmgreen
Victor;Lemoine;Victor.Lemoine;Victor.Lemoine@pharmgreen.org;Pharmgreen
Victoria;Perrot;Victoria.Perrot;Victoria.Perrot@pharmgreen.org;Pharmgreen
Walter;Maillard;Walter.Maillard;Walter.Maillard@pharmgreen.org;Pharmgreen
Willy;LeRoux;Willy.LeRoux;Willy.LeRoux@pharmgreen.org;Pharmgreen
Xander;Bailly;Xander.Bailly;Xander.Bailly@pharmgreen.org;Pharmgreen
Xena;Leblanc;Xena.Leblanc;Xena.Leblanc@pharmgreen.org;Pharmgreen
Xenia;Chevalier;Xenia.Chevalier;Xenia.Chevalier@pharmgreen.org;Pharmgreen
Yolande;Gros;Yolande.Gros;Yolande.Gros@pharmgreen.org;Pharmgreen
Youssef;ElAmrani;Youssef.ElAmrani;Youssef.ElAmrani@pharmgreen.org;Pharmgreen
Yves;Colin;Yves.Colin;Yves.Colin@pharmgreen.org;Pharmgreen
Zacharie;Leclerc;Zacharie.Leclerc;Zacharie.Leclerc@pharmgreen.org;Pharmgreen
Ziad;Prevost;Ziad.Prevost;Ziad.Prevost@pharmgreen.org;Pharmgreen
Zoe;Dupuis;Zoe.Dupuis;Zoe.Dupuis@pharmgreen.org;Pharmgreen
Zoel;Roger;Zoel.Roger;Zoel.Roger@pharmgreen.org;Pharmgreen
