Direction_Financiere,Finance,GRP_C_DAF
Direction_Financiere,Finance,GRP_C_Analyste_Financier
Direction_Financiere,Service_Comptabilite,GRP_C_Comptable
Direction_Financiere,Controle_Gestion,GRP_C_Controleur_Gestion
Direction_Generale,NA,GRP_C_Assistant_Direction
Direction_Generale,NA,GRP_C_Secretaire
Direction_Generale,NA,GRP_C_Directeur_Adjoint
Direction_Generale,NA,GRP_C_CEO
Direction_Generale,NA,GRP_C_COMEX
Direction_Generale,NA,GRP_C_CODIR
Direction_Marketing,Marketing_Digital,GRP_C_Community_Manager
Direction_Marketing,Marketing_Digital,GRP_C_Responsable_Marketing_Digital
Direction_Marketing,Marketing_Digital,GRP_C_Analyste_Web
Direction_Marketing,Marketing_Digital,GRP_C_Content_Manager
Direction_Marketing,Marketing_Operationnel,GRP_C_Charge_Promotion
Direction_Marketing,Marketing_Operationnel,GRP_C_Chef_Projet
Direction_Marketing,Marketing_Operationnel,GRP_C_Assistant_Marketing
Direction_Marketing,Marketing_Operationnel,GRP_C_Coordinateur_Marketing
Direction_Marketing,Marketing_Operationnel,GRP_C_Responsable_Marketing_Operationnel
Direction_Marketing,Marketing_Produit,GRP_C_Chef_Produit
Direction_Marketing,Marketing_Produit,GRP_C_Gestionaire_Marque
Direction_Marketing,Marketing_Produit,GRP_C_Responsable_Gamme
Direction_Marketing,Marketing_Strategique,GRP_C_Direction_Marketing_Strategique
Direction_Marketing,Marketing_Strategique,GRP_C_Analyste_Marketing
Direction_Marketing,Marketing_Strategique,GRP_C_Chef_Produit_Strategique
Recherche_Developpement,Inovation_Strategie,GRP_C_Chercheur
Recherche_Developpement,Inovation_Strategie,GRP_C_Responsable_Recherche
Recherche_Developpement,Laboratoire,GRP_C_Laborantin
Recherche_Developpement,Laboratoire,GRP_C_Responsable_Laboratoire
Ressources_Humaines,NA,GRP_C_Direction_RH
Ressources_Humaines,NA,GRP_C_Direction_Adjoint_RH
Ressources_Humaines,Formation,GRP_C_Formateur
Ressources_Humaines,Gestion_Performances,GRP_C_Agent_RH_GP
Ressources_Humaines,Recrutement,GRP_C_Agent_RH_REC
Ressources_Humaines,Sante_Securite_Travail,GRP_C_Animateur_securite
Ressources_Humaines,Sante_Securite_Travail,GRP_C_Auditeur
Ressources_Humaines,Sante_Securite_Travail,GRP_C_Technicien_HSE
Services_Generaux,Logisitique,GRP_C_Agent_logistique
Services_Generaux,Logisitique,GRP_C_Responsable_Logistique
Services_Generaux,Gestion_Immobiliere,GRP_C_Gestionnaire_immobilier
Systemes_Information,Data,GRP_C_Data_Scientist
Systemes_Information,Developpement_Logiciel,GRP_C_Developpeur
Systemes_Information,NA,GRP_C_Direction_Informatique
Systemes_Information,Systemes_Reseaux,GRP_C_Administrateur_Systemes_Reseaux
Service_Juridique,Contrats,GRP_C_Juriste_CTR
Service_Juridique,Contrats,GRP_C_Responsable_Juridique
Service_Juridique,Contentieux,GRP_C_Juriste_CTX
Ventes_Developpment_Commercial,ADV,GRP_C_Gestionnaire_ADV
Ventes_Developpment_Commercial,ADV,GRP_C_Responsable_ADV
Ventes_Developpment_Commercial,B2B,GRP_C_Commercial_B2B
Ventes_Developpment_Commercial,B2B,GRP_C_Responsable_B2B
Ventes_Developpment_Commercial,B2C,GRP_C_Commercial_B2C
Ventes_Developpment_Commercial,B2C,GRP_C_Responsable_B2C
Ventes_Developpment_Commercial,Developpement_Internationnal,GRP_C_Commercial_DI
Ventes_Developpment_Commercial,Developpement_Internationnal,GRP_C_Direction_Commercial_DI
Ventes_Developpment_Commercial,Grands_Comptes,GRP_C_Commercial_GC
Ventes_Developpment_Commercial,Grands_Comptes,GRP_C_Responsable_Grands_Comptes
Ventes_Developpment_Commercial,Service_Achat,GRP_C_Acheteur
Ventes_Developpment_Commercial,Service_Achat,GRP_C_Responsable_achat
Ventes_Developpment_Commercial,Service_Client,GRP_C_Agent_Client
Ventes_Developpment_Commercial,Service_Client,GRP_C_Responsable_Service_Client
